method,split,threshold,balanced_accuracy,roc_auc,average_precision,f1,precision,recall,brier_score,expected_calibration_error,maximum_calibration_error,tn,fp,fn,tp,positive_rate,mean_probability
original,validation,0.54,0.6769581056466303,0.6823679417122042,0.5127251332258732,0.584,0.5703125,0.5983606557377049,0.22091385386067589,0.11775055072046108,0.2826827425806451,170,55,49,73,0.3515850144092219,0.46933556512968305
original,test,0.54,0.6492090887764335,0.6936950523364277,0.6186839297818052,0.5152671755725191,0.6553398058252428,0.42452830188679247,0.2126377593119057,0.12563139880817256,0.83423397,492,71,183,135,0.36095346197502837,0.43964842822928496
platt,validation,0.4,0.6699453551912569,0.6823679417122042,0.5127251332258732,0.578125,0.5522388059701493,0.6065573770491803,0.207017380791287,0.05618777523027665,0.1698019257414472,165,60,48,74,0.3515850144092219,0.35159673443573713
platt,test,0.4,0.6564591083257929,0.6936950523364277,0.6186839297818052,0.5315985130111525,0.65,0.449685534591195,0.20832537257911266,0.07448096242613983,0.9136719871490906,486,77,175,143,0.36095346197502837,0.32059897595339587
isotonic,validation,0.34,0.6769581056466303,0.712295081967213,0.53203866661217,0.584,0.5703125,0.5983606557377049,0.19506261553559454,6.926895816465313e-17,1.1102230246251565e-16,170,55,49,73,0.3515850144092219,0.3515850144092219
isotonic,test,0.34,0.6492090887764335,0.6901538255303462,0.5584399913550567,0.5152671755725191,0.6553398058252428,0.42452830188679247,0.20807001115195006,0.04858056411559038,0.34761904761904766,492,71,183,135,0.36095346197502837,0.3165350409199145
