model,accuracy,balanced_accuracy,precision,recall,f1,roc_auc,average_precision,true_negative,false_positive,false_negative,true_positive,pca_components
logistic_regression,0.7808896210873146,0.7985709623274897,0.6531986531986532,0.8660714285714286,0.744721689059501,0.8801286833271167,0.8055421254861361,280,103,30,194,0
random_forest,0.7512355848434926,0.749125792614696,0.640926640926641,0.7410714285714286,0.6873706004140787,0.8304270794479671,0.7065665622248009,290,93,58,166,0
logistic_regression_pca_95,0.4975288303130148,0.5073083737411413,0.37538461538461537,0.5446428571428571,0.4444444444444444,0.5482795598657217,0.44483827693559813,180,203,102,122,38
dummy_most_frequent,0.6309719934102141,0.5,0.0,0.0,0.0,0.5,0.36902800658978585,383,0,224,0,0
