experiment_id,split,model_family,window,input_dim,hidden_dim,dropout,weight_decay,learning_rate,best_epoch,seed,threshold,balanced_accuracy,f1,precision,recall,brier_score,tn,fp,fn,tp,positive_rate,mean_probability,roc_auc,average_precision
presleep_seq_000,test,gru,3,58,16,0.4,0.001,0.0008,1,2027,0.41,0.6466077763671527,0.5813333333333334,0.4965831435079726,0.7009646302250804,0.2103541019703776,321,221,93,218,0.3645955324172973,0.4344635307788849,0.6934659057201504,0.599648671592944
presleep_seq_004,test,bilstm,5,58,12,0.4,0.001,0.0008,4,2027,0.52,0.6289983164983165,0.5214408233276158,0.5314685314685315,0.5117845117845118,0.21722434564073748,394,134,145,152,0.36000001430511475,0.4452943801879883,0.677768850117335,0.5720017500994408
presleep_seq_001,test,gru,5,58,16,0.4,0.001,0.0008,1,2027,0.36,0.6103745791245792,0.5645933014354066,0.437847866419295,0.7946127946127947,0.21409338457645247,225,303,61,236,0.36000001430511475,0.4522913694381714,0.6910009182736456,0.5999537494214865
presleep_seq_002,test,gru,7,58,16,0.4,0.001,0.0008,20,2027,0.34,0.6013595682175309,0.5525982256020279,0.4342629482071713,0.759581881533101,0.21795286693336052,226,284,69,218,0.3601003885269165,0.43638283014297485,0.6767097082735534,0.5711528592415215
presleep_seq_005,test,cnn1d,5,58,16,0.4,0.001,0.0008,18,2027,0.37,0.5904882154882155,0.5507584597432905,0.42142857142857143,0.7946127946127947,0.21319200543591077,204,324,61,236,0.36000001430511475,0.4377938508987427,0.6887626262626263,0.6146692625740315
presleep_seq_003,test,lstm,5,58,16,0.4,0.001,0.0008,22,2027,0.4,0.5693392255892256,0.49653259361997226,0.4221698113207547,0.6026936026936027,0.24045891462731697,283,245,118,179,0.36000001430511475,0.41923606395721436,0.6133557800224467,0.521457472604156
