experiment_id,split,model_family,window,input_dim,hidden_dim,dropout,weight_decay,learning_rate,best_epoch,seed,threshold,balanced_accuracy,f1,precision,recall,brier_score,tn,fp,fn,tp,positive_rate,mean_probability,roc_auc,average_precision
presleep_seq_001,validation,gru,5,58,16,0.4,0.001,0.0008,1,2027,0.36,0.6545720361509835,0.6105919003115264,0.47342995169082125,0.8596491228070176,0.2210535145101663,89,109,16,98,0.36538460850715637,0.486013263463974,0.707779549884813,0.549697200101091
presleep_seq_002,validation,gru,7,58,16,0.4,0.001,0.0008,20,2027,0.34,0.6461271102284012,0.5953177257525084,0.46113989637305697,0.839622641509434,0.212885100019612,86,104,17,89,0.3581081032752991,0.4628680944442749,0.7207050645481629,0.5759979968562392
presleep_seq_004,validation,bilstm,5,58,12,0.4,0.001,0.0008,4,2027,0.52,0.6410154173312068,0.5587044534412956,0.518796992481203,0.6052631578947368,0.2309148232425484,134,64,45,69,0.36538460850715637,0.4698968529701233,0.6842105263157895,0.5033469814355591
presleep_seq_003,validation,lstm,5,58,16,0.4,0.001,0.0008,22,2027,0.4,0.6379585326953747,0.5821917808219178,0.47752808988764045,0.7456140350877193,0.234710621067426,105,93,29,85,0.36538460850715637,0.47806382179260254,0.7041024277866382,0.5531817688187994
presleep_seq_000,validation,gru,3,58,16,0.4,0.001,0.0008,1,2027,0.41,0.6308137199775082,0.5656565656565656,0.4692737430167598,0.711864406779661,0.2183757832650794,116,95,34,84,0.3586626052856445,0.4730356335639953,0.7062414651779259,0.5462524839545096
presleep_seq_005,validation,cnn1d,5,58,16,0.4,0.001,0.0008,18,2027,0.37,0.6307814992025518,0.5859872611464968,0.46,0.8070175438596491,0.21297165524323694,90,108,22,92,0.36538460850715637,0.4559974670410156,0.7065390749601276,0.609039151340449
