experiment_id,split,model_family,window,input_dim,hidden_dim,dropout,weight_decay,learning_rate,best_epoch,seed,threshold,balanced_accuracy,f1,precision,recall,brier_score,tn,fp,fn,tp,positive_rate,mean_probability,roc_auc,average_precision
presleep_seq_001,train,gru,5,58,16,0.4,0.001,0.0008,1,2027,0.36,0.6574600911085586,0.6592317224287485,0.5219097449313277,0.8946188340807175,0.20036203825098722,530,731,94,798,0.4143056273460388,0.49398577213287354,0.7656266113803907,0.6948772158060075
presleep_seq_001,validation,gru,5,58,16,0.4,0.001,0.0008,1,2027,0.36,0.6545720361509835,0.6105919003115264,0.47342995169082125,0.8596491228070176,0.2210535145101663,89,109,16,98,0.36538460850715637,0.486013263463974,0.707779549884813,0.549697200101091
presleep_seq_001,test,gru,5,58,16,0.4,0.001,0.0008,1,2027,0.36,0.6103745791245792,0.5645933014354066,0.437847866419295,0.7946127946127947,0.21409338457645247,225,303,61,236,0.36000001430511475,0.4522913694381714,0.6910009182736456,0.5999537494214865
