experiment_id,split,model_family,window,input_dim,hidden_dim,dropout,weight_decay,learning_rate,best_epoch,seed,threshold,balanced_accuracy,f1,precision,recall,brier_score,tn,fp,fn,tp,positive_rate,mean_probability,roc_auc,average_precision
presleep_seq_002,train,gru,7,58,16,0.4,0.001,0.0008,20,2027,0.34,0.7243652787530782,0.7143495753240948,0.5827862873814734,0.9226327944572749,0.16809394841643638,635,572,67,799,0.41775205731391907,0.4878438711166382,0.8379965979821328,0.7825639978618059
presleep_seq_002,validation,gru,7,58,16,0.4,0.001,0.0008,20,2027,0.34,0.6461271102284012,0.5953177257525084,0.46113989637305697,0.839622641509434,0.212885100019612,86,104,17,89,0.3581081032752991,0.4628680944442749,0.7207050645481629,0.5759979968562392
presleep_seq_002,test,gru,7,58,16,0.4,0.001,0.0008,20,2027,0.34,0.6013595682175309,0.5525982256020279,0.4342629482071713,0.759581881533101,0.21795286693336052,226,284,69,218,0.3601003885269165,0.43638283014297485,0.6767097082735534,0.5711528592415215
