experiment_id,split,model_family,window,input_dim,hidden_dim,dropout,weight_decay,learning_rate,best_epoch,seed,threshold,balanced_accuracy,f1,precision,recall,brier_score,tn,fp,fn,tp,positive_rate,mean_probability,roc_auc,average_precision
presleep_seq_005,train,cnn1d,5,58,16,0.4,0.001,0.0008,18,2027,0.37,0.7048902394355678,0.6957264957264957,0.5621546961325967,0.9125560538116592,0.18056143714536127,627,634,78,814,0.4143056273460388,0.46887508034706116,0.8193093601419615,0.7486710387025075
presleep_seq_005,validation,cnn1d,5,58,16,0.4,0.001,0.0008,18,2027,0.37,0.6307814992025518,0.5859872611464968,0.46,0.8070175438596491,0.21297165524323694,90,108,22,92,0.36538460850715637,0.4559974670410156,0.7065390749601276,0.609039151340449
presleep_seq_005,test,cnn1d,5,58,16,0.4,0.001,0.0008,18,2027,0.37,0.5904882154882155,0.5507584597432905,0.42142857142857143,0.7946127946127947,0.21319200543591077,204,324,61,236,0.36000001430511475,0.4377938508987427,0.6887626262626263,0.6146692625740315
