experiment_id,split,model_family,window,input_dim,hidden_dim,dropout,weight_decay,learning_rate,best_epoch,seed,threshold,balanced_accuracy,f1,precision,recall,brier_score,tn,fp,fn,tp,positive_rate,mean_probability,roc_auc,average_precision
presleep_seq_003,train,lstm,5,58,16,0.4,0.001,0.0008,22,2027,0.4,0.7844390884876762,0.7599620493358634,0.6587171052631579,0.897982062780269,0.14246426547791943,846,415,91,801,0.4143056273460388,0.4744832515716553,0.8841335263137307,0.8374763843670624
presleep_seq_003,validation,lstm,5,58,16,0.4,0.001,0.0008,22,2027,0.4,0.6379585326953747,0.5821917808219178,0.47752808988764045,0.7456140350877193,0.234710621067426,105,93,29,85,0.36538460850715637,0.47806382179260254,0.7041024277866382,0.5531817688187994
presleep_seq_003,test,lstm,5,58,16,0.4,0.001,0.0008,22,2027,0.4,0.5693392255892256,0.49653259361997226,0.4221698113207547,0.6026936026936027,0.24045891462731697,283,245,118,179,0.36000001430511475,0.41923606395721436,0.6133557800224467,0.521457472604156
