experiment_id,split,model_family,window,input_dim,hidden_dim,dropout,weight_decay,learning_rate,best_epoch,seed,threshold,balanced_accuracy,f1,precision,recall,brier_score,tn,fp,fn,tp,positive_rate,mean_probability,roc_auc,average_precision
presleep_seq_004,train,bilstm,5,58,12,0.4,0.001,0.0008,4,2027,0.52,0.7452881014782915,0.7023411371237458,0.6984478935698448,0.7062780269058296,0.17260787119608365,989,272,262,630,0.4143056273460388,0.4797239601612091,0.8293519272553992,0.7685650257842835
presleep_seq_004,validation,bilstm,5,58,12,0.4,0.001,0.0008,4,2027,0.52,0.6410154173312068,0.5587044534412956,0.518796992481203,0.6052631578947368,0.2309148232425484,134,64,45,69,0.36538460850715637,0.4698968529701233,0.6842105263157895,0.5033469814355591
presleep_seq_004,test,bilstm,5,58,12,0.4,0.001,0.0008,4,2027,0.52,0.6289983164983165,0.5214408233276158,0.5314685314685315,0.5117845117845118,0.21722434564073748,394,134,145,152,0.36000001430511475,0.4452943801879883,0.677768850117335,0.5720017500994408
