role,feature_timing,experiment_id,subset_name,window,model_family,selected_threshold_from_validation,balanced_accuracy,bootstrap_bal_acc_mean,bal_acc_ci_lower,bal_acc_ci_upper,roc_auc,bootstrap_roc_auc_mean,roc_auc_ci_lower,roc_auc_ci_upper,average_precision,f1,precision,recall,participants,test_rows,interpretation
best_same_date_classifier,same_date,phase1a_003,daytime_only,7,mlp_current_day,0.42,0.843989343989344,0.848589360591623,0.8042186208540341,0.8924018604587953,0.9022644022644022,0.9064276623091848,0.8482523212438684,0.9462648638674758,0.8402316715359385,0.8215488215488216,0.7393939393939394,0.9242424242424242,9,314,현재 최고 성능의 same-date classifier
best_same_date_sequence_comparison,same_date,phase1a_002,daytime_only,7,gru,0.34,0.8316683316683318,0.8349611497247466,0.7885724973126864,0.8858764037684382,0.9046786546786548,0.909628918374614,0.8670728018851223,0.95419213604607,0.8381412511453653,0.8102893890675241,0.7039106145251397,0.9545454545454546,9,314,GRU 기반 sequence 비교 후보
same_date_window14_sensitivity,same_date,phase1a_007,daytime_only,14,mlp_current_day,0.43,0.8290816326530612,0.830453709286811,0.7804685936064591,0.8729676888248611,0.8771991555242787,0.8817975206550992,0.7918634469010511,0.9429083461341524,0.8336635636640963,0.8240740740740741,0.7542372881355932,0.9081632653061223,5,214,window 14에서 안정적인 MLP 비교 후보
best_previous_day_conservative_candidate,previous_day,phase2a_006,daytime_only,14,bilstm,0.51,0.6097607112456256,0.5871368875071262,0.4758220502901353,0.7413333333333333,0.60626123143857,0.5719985048166273,0.3912431862141726,0.7655466666666666,0.5787991273740039,0.5833333333333334,0.5894736842105263,0.5773195876288659,5,206,strict previous-day timing 보수 후보
