threshold,rows,positive_count,positive_rate,predicted_positive_count,predicted_positive_rate,mean_probability,median_probability,balanced_accuracy,sensitivity,specificity,precision,recall,f1,tn,fp,fn,tp,evaluation
0.54,1493.0,39.0,0.026121902210314803,8.0,0.0053583389149363695,0.38478235359678503,0.38455546,0.4972489683631362,0.0,0.9944979367262724,0.0,0.0,,1446.0,8.0,39.0,0.0,official_threshold
0.32,1493.0,39.0,0.026121902210314803,1457.0,0.9758874748827864,0.38478235359678503,0.38455546,0.5123796423658872,1.0,0.024759284731774415,0.026767330130404943,1.0,0.05213903743315508,36.0,1418.0,0.0,39.0,best_balanced_accuracy_threshold
0.32,1493.0,39.0,0.026121902210314803,1457.0,0.9758874748827864,0.38478235359678503,0.38455546,0.5123796423658872,1.0,0.024759284731774415,0.026767330130404943,1.0,0.05213903743315508,36.0,1418.0,0.0,39.0,best_f1_threshold
