model_name,window,max_epochs,batch_size,learning_rate,weight_decay,patience,seed,epoch,train_loss,validation_loss,validation_accuracy,validation_balanced_accuracy,validation_precision,validation_recall,validation_f1,validation_average_precision,validation_roc_auc,validation_tn,validation_fp,validation_fn,validation_tp
CNN1D,30,40,64,0.001,0.0001,6,42,1,0.8858228070395333,0.8271835446357727,0.6727272727272727,0.6263736263736264,0.3684210526315789,0.5384615384615384,0.4375,0.5082555420649455,0.6776556776556777,30,12,6,7
CNN1D,30,40,64,0.001,0.0001,6,42,2,0.8113726803234645,0.7515774965286255,0.7454545454545455,0.673992673992674,0.4666666666666667,0.5384615384615384,0.5,0.5166975252653002,0.8516483516483515,34,8,6,7
CNN1D,30,40,64,0.001,0.0001,6,42,3,0.793185864176069,0.7414854764938354,0.8,0.8159340659340659,0.55,0.8461538461538461,0.6666666666666666,0.6969173054850804,0.8791208791208791,33,9,2,11
CNN1D,30,40,64,0.001,0.0001,6,42,4,0.763648007597242,0.8083251714706421,0.36363636363636365,0.5833333333333334,0.2708333333333333,1.0,0.4262295081967213,0.6418117139270986,0.913919413919414,7,35,0,13
CNN1D,30,40,64,0.001,0.0001,6,42,5,0.7533895969390869,0.7654417753219604,0.8,0.8159340659340659,0.55,0.8461538461538461,0.6666666666666666,0.5425691028120178,0.8553113553113554,33,9,2,11
CNN1D,30,40,64,0.001,0.0001,6,42,6,0.7362283723694938,0.7838537096977234,0.6727272727272727,0.7857142857142857,0.41935483870967744,1.0,0.5909090909090909,0.6023914945583665,0.8901098901098902,24,18,0,13
CNN1D,30,40,64,0.001,0.0001,6,42,7,0.7329145925385612,0.7929849028587341,0.5272727272727272,0.663919413919414,0.32432432432432434,0.9230769230769231,0.48,0.5728036210013485,0.8461538461538461,17,25,1,12
CNN1D,30,40,64,0.001,0.0001,6,42,8,0.736922664301736,0.8022950887680054,0.5272727272727272,0.663919413919414,0.32432432432432434,0.9230769230769231,0.48,0.5164908559557388,0.804029304029304,17,25,1,12
CNN1D,30,40,64,0.001,0.0001,6,42,9,0.7202523521014622,0.8121629357337952,0.41818181818181815,0.6190476190476191,0.28888888888888886,1.0,0.4482758620689655,0.5553890490446813,0.8553113553113554,10,32,0,13
