model_name,window,max_epochs,batch_size,learning_rate,weight_decay,patience,seed,epoch,train_loss,validation_loss,validation_accuracy,validation_balanced_accuracy,validation_precision,validation_recall,validation_f1,validation_average_precision,validation_roc_auc,validation_tn,validation_fp,validation_fn,validation_tp
mlp_flattened,7,40,64,0.001,0.0001,6,42,1,0.7890584360469471,0.7878965377807617,0.5464684014869888,0.5911274453061697,0.45698924731182794,0.8018867924528302,0.5821917808219178,0.4913004239813459,0.614943859242968,62,101,21,85
mlp_flattened,7,40,64,0.001,0.0001,6,42,2,0.685795399275693,0.729131531715393,0.587360594795539,0.58858085426554,0.48091603053435117,0.5943396226415094,0.5316455696202531,0.5941880104318636,0.6761199212871859,95,68,43,63
mlp_flattened,7,40,64,0.001,0.0001,6,42,3,0.614178172566674,0.7051207780838012,0.587360594795539,0.5852818613265425,0.48031496062992124,0.5754716981132075,0.5236051502145923,0.6110334897757639,0.6982289616853802,97,66,45,61
mlp_flattened,7,40,64,0.001,0.0001,6,42,4,0.5690585808320479,0.7608450889587403,0.6059479553903345,0.5940212987614307,0.5,0.5377358490566038,0.5181818181818182,0.5443929255733724,0.6794189142261836,106,57,49,57
mlp_flattened,7,40,64,0.001,0.0001,6,42,5,0.551204270937226,0.8252141237258911,0.6319702602230484,0.6814735501794189,0.5187165775401069,0.9150943396226415,0.6621160409556314,0.6407965976610679,0.7353281629818266,73,90,9,97
mlp_flattened,7,40,64,0.001,0.0001,6,42,6,0.483543106100776,0.7528597474098205,0.6468401486988847,0.6409596018057646,0.5462184873949579,0.6132075471698113,0.5777777777777777,0.6011397127471989,0.7184859358722075,109,54,41,65
mlp_flattened,7,40,64,0.001,0.0001,6,42,7,0.4217696636915207,0.823659336566925,0.6394052044609665,0.651319597175599,0.5319148936170213,0.7075471698113207,0.6072874493927125,0.5907352284580772,0.7095149901608983,97,66,31,75
mlp_flattened,7,40,64,0.001,0.0001,6,42,8,0.37422962419011374,0.822746479511261,0.6245353159851301,0.6126577150133117,0.5221238938053098,0.5566037735849056,0.5388127853881278,0.6188818083273233,0.7102095149901608,109,54,47,59
mlp_flattened,7,40,64,0.001,0.0001,6,42,9,0.3718877583742142,0.8763140916824341,0.6802973977695167,0.6504225026044681,0.6136363636363636,0.5094339622641509,0.5567010309278351,0.6008654620014049,0.7194119689778911,129,34,52,54
