participant_object_id,samples,observed_positive_rate,mean_predicted_probability,brier_score,abs_mean_probability_error
621e2f3967b776a240c654db,62,0.6129032258064516,0.5381634861290323,0.21458163168440478,0.07473973967741931
621e2f6167b776a240e082a9,45,0.28888888888888886,0.3653064077777778,0.2196028175800489,0.07641751888888892
621e2fb367b776a24015accd,59,0.2542372881355932,0.36095457491525423,0.213227462225993,0.10671728677966102
621e2ff067b776a2403eb737,60,0.7166666666666667,0.5190478568333333,0.20777048374505108,0.19761880983333335
621e301e67b776a240608a72,53,0.4528301886792453,0.36414616773584907,0.2909980753739589,0.08868402094339622
621e30e467b776a240e817c7,30,0.5,0.4475059393333333,0.2624752893000261,0.052494060666666675
621e30f467b776a240f22944,62,0.5161290322580645,0.460110374516129,0.20236706670497343,0.056018657741935485
621e310d67b776a24003096d,67,0.3880597014925373,0.45463754194029854,0.2468078966202962,0.06657784044776122
621e324e67b776a2400191cb,68,0.10294117647058823,0.3765623498529412,0.17173785588565027,0.2736211733823529
621e32e667b776a2406d2f1c,90,0.2222222222222222,0.5262104163333333,0.2613602467767566,0.3039881941111111
621e337667b776a240ce78ab,82,0.7317073170731707,0.5305547669512195,0.19716699796708456,0.2011525501219512
621e342e67b776a2404ce460,37,0.05405405405405406,0.4504919178378378,0.2104673683601713,0.39643786378378376
621e351a67b776a240f6204b,104,0.17307692307692307,0.3919404060576923,0.18967716851934052,0.21886348298076924
621e366567b776a24076a727,62,0.08064516129032258,0.31408055661290324,0.12643510355414772,0.23343539532258067
