metric,point_estimate,bootstrap_mean,bootstrap_std,ci_lower_2_5,ci_upper_97_5,bootstrap_non_missing_iterations
balanced_accuracy,0.6492090887764335,0.6429235411825021,0.04704920039010482,0.5436464996493328,0.7259147393983834,5000
roc_auc,0.6936950523364277,0.6845639760137183,0.05943919618754308,0.5566689341961226,0.7872203563594575,5000
average_precision,0.6186839297818052,0.6071061935237348,0.10342978259513494,0.37354612598218184,0.7773080449865323,5000
f1,0.5152671755725191,0.49931774585266175,0.10000428886172166,0.27138143092845357,0.6609562682820571,5000
precision,0.6553398058252428,0.6441110046905503,0.12057596705290582,0.37396594357648644,0.8377270200148257,5000
recall,0.42452830188679247,0.4119424375713312,0.09291737683813593,0.20542227662178703,0.5676292061452249,5000
brier_score,0.2126377593119057,0.2127904909204573,0.010717943428072812,0.1924297170832156,0.2344743934146052,5000
