experiment_id,feature_timing,subset_name,model_family,window,split,best_epoch,selected_threshold_from_validation,threshold,balanced_accuracy,f1,precision,recall,roc_auc,average_precision,tn,fp,fn,tp,base_experiment_id,seed,delta_bal_acc_vs_phase2a_006,beats_phase2a_006
phase3a_001_seed7,previous_day,daytime_only_rolling_trend,gru,7,test,4,0.34,0.34,0.5915691526857465,0.6104651162790697,0.4751131221719457,0.8536585365853658,0.6664316932186662,0.5501869295439177,57,116,18,105,phase3a_001,7,-0.018191847314253495,False
phase3a_001_seed123,previous_day,daytime_only_rolling_trend,gru,7,test,3,0.32,0.32,0.6244419380609991,0.6253869969040248,0.505,0.8211382113821138,0.6594764791578551,0.5515527981373812,74,99,22,101,phase3a_001,123,0.014680938060999127,True
phase3a_001_seed2026,previous_day,daytime_only_rolling_trend,gru,7,test,7,0.31,0.31,0.5798204802857276,0.5864197530864198,0.472636815920398,0.7723577235772358,0.6265801964378026,0.5147806987952859,67,106,28,95,phase3a_001,2026,-0.029940519714272362,False
phase3a_002_seed7,previous_day,daytime_only_rolling_trend,gru,14,test,8,0.32,0.32,0.5052965099782465,0.5849802371541502,0.4743589743589743,0.7628865979381443,0.5075191525584034,0.5005856748688269,27,82,23,74,phase3a_002,7,-0.10446449002175351,False
phase3a_002_seed123,previous_day,daytime_only_rolling_trend,gru,14,test,8,0.27,0.27,0.5752388158516977,0.628099173553719,0.5241379310344828,0.7835051546391752,0.5911283457864371,0.547173750375552,40,69,21,76,phase3a_002,123,-0.034522184148302326,False
phase3a_002_seed2026,previous_day,daytime_only_rolling_trend,gru,14,test,8,0.37,0.37,0.4864749834484063,0.5158371040723982,0.4596774193548387,0.5876288659793815,0.514423531637189,0.5052606717509819,42,67,40,57,phase3a_002,2026,-0.12328601655159371,False
