experiment_id,feature_timing,subset_name,model_family,window,best_epoch,selected_threshold_from_validation,validation_balanced_accuracy,validation_roc_auc,validation_average_precision,validation_f1,validation_precision,validation_recall,test_balanced_accuracy,test_roc_auc,test_average_precision,test_f1,test_precision,test_recall,test_tn,test_fp,test_fn,test_tp,reference_previous_day_best_balanced_accuracy,delta_vs_phase2a_006
phase3a_002,previous_day,daytime_only_rolling_trend,gru,14,4,0.36,0.7575757575757576,0.7398200757575758,0.5403291384587875,0.6896551724137931,0.5882352941176471,0.8333333333333334,0.5792584886030455,0.5898042182918756,0.5453153298078388,0.6276150627615062,0.528169014084507,0.7731958762886598,42,67,22,75,0.6098,-0.03054151139695449
phase3a_001,previous_day,daytime_only_rolling_trend,gru,7,3,0.35,0.6940537084398977,0.6923131571469167,0.5235317757241619,0.6502057613168725,0.5231788079470199,0.8586956521739131,0.6053855914281686,0.6384698529066215,0.5250372011112692,0.6144578313253012,0.4880382775119617,0.8292682926829268,66,107,21,102,0.6098,-0.004414408571831396
phase3a_000,previous_day,daytime_only_rolling_trend,mlp_current_day,1,1,0.51,0.6040814279983955,0.5894504612916164,0.4529441007209021,0.5431472081218274,0.5,0.5944444444444444,0.5678237340548898,0.6129725550831078,0.4595327422739941,0.453125,0.4702702702702703,0.4371859296482412,227,98,112,87,0.6098,-0.04197626594511017
