config_id,hidden_dims,dropout,weight_decay,learning_rate,batch_size,runs,mean_test_balanced_accuracy,std_test_balanced_accuracy,min_test_balanced_accuracy,max_test_balanced_accuracy,mean_test_roc_auc,std_test_roc_auc,mean_test_average_precision,mean_test_f1,mean_test_precision,mean_test_recall,mean_selected_threshold,mean_best_epoch,delta_mean_ba_vs_stage1_seed_mean,delta_mean_ba_vs_stage1_single_seed
tiny_dropout40_wd1e3,"(24, 12)",0.4,0.001,0.0008,64,4,0.6586067450875253,0.007760702878564745,0.6492090887764335,0.6676692695242245,0.6942179976987611,0.016159508428559764,0.6184596748749039,0.5298229338095132,0.6735662571531015,0.4371069182389937,0.535,14.0,0.04786055535075284,0.02484444295496946
small_dropout50_wd1e3,"(32, 16)",0.5,0.001,0.0008,64,4,0.6547122334305215,0.012742699321282393,0.6386105432487684,0.6688338527877387,0.6925807388540725,0.01851310686465091,0.6167739619787196,0.5236835208865737,0.6671658192475203,0.43553459119496857,0.52,11.25,0.043966043693749124,0.02094993129796574
small_dropout40_wd1e3,"(32, 16)",0.4,0.001,0.0008,64,4,0.6528850665236771,0.014935799375712822,0.6373733480791358,0.6722410268440631,0.6949783281387893,0.008479640208700555,0.6129941702160138,0.5223642933169955,0.6574711367970666,0.4363207547169811,0.5225,12.25,0.042138876786904644,0.01912276439112126
stage1_like_stronger_wd,"(64, 32)",0.35,0.001,0.0008,64,4,0.6298803579208418,0.036067672404078335,0.5764100673615067,0.6543924617670387,0.6767024699219143,0.02809683015167912,0.5968966498379016,0.528399181675056,0.5679978536376273,0.5377358490566038,0.4925,2.75,0.019134168184069433,-0.00388194421171395
