experiment_id,diagnostic_policy,threshold,balanced_accuracy,roc_auc,average_precision,f1,precision,recall,tn,fp,fn,tp
presleep_stage1_hp_tiny_dropout40_wd1e3_seed2027,test_best_balanced_accuracy,0.47,0.6591652982115128,0.6936950523364277,0.6186839297818052,0.5660964230171073,0.56,0.5723270440251572,420,143,136,182
presleep_stage1_hp_tiny_dropout40_wd1e3_seed2027,test_best_f1,0.36,0.6060357250578102,0.6936950523364277,0.6186839297818052,0.567741935483871,0.43137254901960786,0.8301886792452831,215,348,54,264
presleep_stage1_hp_tiny_dropout40_wd1e3_seed2027,test_best_precision,0.74,0.5078616352201258,0.6936950523364277,0.6186839297818052,0.030959752321981424,1.0,0.015723270440251572,563,0,313,5
presleep_stage1_hp_tiny_dropout40_wd1e3_seed2027,test_recall_with_precision_at_least_0_30,0.05,0.5,0.6936950523364277,0.6186839297818052,0.530442035029191,0.36095346197502837,1.0,0,563,0,318
