reference,balanced_accuracy,roc_auc,average_precision,f1,precision,recall,note,row_type
stage1_single_seed,0.6337623021325558,0.687500698191405,0.6008560603445885,0.4904214559386973,0.6274509803921569,0.4025157232704403,best single Stage 1 run so far,existing_reference
stage1_seed_mean,0.6107461897367724,0.6681337995390075,0.6016233743692326,0.5309480803143135,0.4942208930636159,0.6205450733752621,more reliable Stage 1 robustness reference,existing_reference
stage2_full_rolling,0.6024861199548689,0.6627791369237128,0.5854547430812607,0.530718954248366,0.4541387024608501,0.6383647798742138,rolling did not improve generalization,existing_reference
stage2b_compact_rolling,0.5922925254420948,0.6852273869767753,0.5788180698734088,0.5530054644808743,0.423785594639866,0.7955974842767296,compact rolling also did not improve BA,existing_reference
best_hp_config__tiny_dropout40_wd1e3,0.6586067450875253,0.6942179976987611,0.6184596748749039,0.5298229338095132,0.6735662571531015,0.4371069182389937,mean across stability seeds,new_best_hyperparameter_mean
