experiment_id,threshold_policy,selected_threshold,evaluation_split,balanced_accuracy,roc_auc,average_precision,f1,precision,recall,tn,fp,fn,tp
presleep_stage1_000,validation_balanced_accuracy,0.55,validation,0.6718214936247724,0.6798907103825136,0.46889264525752106,0.5813953488372093,0.5514705882352942,0.6147540983606558,164,61,47,75
presleep_stage1_000,validation_balanced_accuracy,0.55,test,0.6337623021325558,0.687500698191405,0.6008560603445885,0.4904214559386973,0.6274509803921569,0.4025157232704403,487,76,190,128
presleep_stage1_000,validation_f1,0.35,validation,0.637832422586521,0.6798907103825136,0.46889264525752106,0.5891891891891892,0.43951612903225806,0.8934426229508197,86,139,13,109
presleep_stage1_000,validation_f1,0.35,test,0.5686042874537798,0.687500698191405,0.6008560603445885,0.5456389452332657,0.4026946107784431,0.8459119496855346,164,399,49,269
presleep_stage1_000,validation_recall_priority_precision_at_least_0_45,0.38,validation,0.6375409836065573,0.6798907103825136,0.46889264525752106,0.5773809523809523,0.4532710280373832,0.7950819672131147,108,117,25,97
presleep_stage1_000,validation_recall_priority_precision_at_least_0_45,0.38,test,0.5940687243763755,0.687500698191405,0.6008560603445885,0.5542168674698795,0.42521008403361343,0.7955974842767296,221,342,65,253
presleep_stage1_000,validation_precision_priority_recall_at_least_0_40,0.59,validation,0.6545901639344263,0.6798907103825136,0.46889264525752106,0.551440329218107,0.5537190082644629,0.5491803278688525,171,54,55,67
presleep_stage1_000,validation_precision_priority_recall_at_least_0_40,0.59,test,0.6121435034686149,0.687500698191405,0.6008560603445885,0.4248927038626609,0.668918918918919,0.3113207547169811,514,49,219,99
